process_id,current_ts,user_id,first_name,last_name,process_type,balance
11132,1621073324000,80,Atlanta,Esby,4,3572.4
10403,1621069297000,4,Celesta,Zukerman,3,3589.65
10735,1621051871000,15,Jacquenetta,Scurman,2,1270.45
11694,1621059936000,17,Silva,Caudelier,2,2806.97
10505,1621103800000,84,Calvin,Cromley,1,4453.7
14150,1621045062000,56,Eleonore,Whorf,1,1679.42
11191,1621045437000,16,Guilbert,Doone,4,4873.55
13419,1621098894000,52,Debbi,Inde,2,4494.91
10798,1621085815000,60,Austine,Chivrall,4,1204.22
11453,1621060083000,62,Koressa,Learoyde,4,3585.98
11766,1621055287000,96,Melina,Boteman,3,1806.86
10700,1621073762000,91,Aguste,Broggini,3,3371.1
13370,1621063463000,59,Shandie,Fairbairn,3,4502.82
10289,1621080984000,1,Daisey,Laying,4,4176.23
10366,1621071491000,52,Claudie,McKenney,3,757.56
13292,1621091171000,85,Staford,Lampett,2,808.17
14781,1621051436000,75,Starr,Wilsey,4,4259.28
14172,1621055980000,86,Berenice,Bailey,4,331.84
10579,1621107597000,86,Wilmer,Knappe,3,1768.79
11905,1621052846000,39,Mildred,Fines,4,665.09
13249,1621048931000,43,Tiebold,Gregoli,4,1321.94
11474,1621066340000,58,Catharina,Gernier,2,4369.36
13827,1621086434000,75,Whitaker,McEntagart,2,2668.57
14066,1621097889000,98,Hazlett,Weber,2,82.39
14269,1621052809000,51,Jecho,Bachs,3,1743.43
10912,1621066856000,96,Lorry,Rosenzwig,1,4812.76
11810,1621103659000,23,Elisha,Blabey,3,1638.5
11182,1621057624000,59,Karita,Kording,4,3543.85
11162,1621073083000,5,Myer,MacRory,4,4702.49
12063,1621091055000,21,Heindrick,Ortner,2,1519.42
14467,1621078577000,5,Howey,Suscens,1,2629.81
10570,1621113970000,37,Aloisia,Winnett,4,3164.08
12256,1621072674000,60,Camila,Taylot,1,4478.14
13334,1621095357000,83,Mike,Kerrich,3,1088.22
12177,1621105902000,58,Ciro,Rayment,2,1162.67
11957,1621081990000,94,Cosette,Dudmarsh,4,1584.54
12633,1621046875000,26,Lyssa,Riccardini,3,559.67
13505,1621057337000,54,Adi,Brocklehurst,3,338.23
13759,1621052566000,72,Helen-elizabeth,Moorwood,1,382.99
12228,1621087790000,38,Joannes,Whiten,1,4900.04
13541,1621108171000,82,Emmalee,Siverns,1,3472.97
13197,1621104663000,53,Joana,Cancelier,4,1479.31
14722,1621122020000,86,Daniel,Crisford,1,4735.35
13946,1621117749000,55,Kattie,Delahunty,2,3702.84
12032,1621055220000,3,Fanchon,Chaudret,4,2884.37
14473,1621119820000,72,Nonna,Sute,4,78.72
11888,1621063916000,34,Fionna,Hannam,3,2957.79
12206,1621096273000,77,Carlee,Esby,2,3355.47
12662,1621089061000,58,Francis,Frodsham,1,1622.35
12022,1621065393000,6,Joanne,Pockey,1,1694.45
14939,1621102673000,49,Clarke,Fallen,3,1723.34
14295,1621122484000,39,Myles,Orteu,2,3197.14
12677,1621094246000,58,Jerry,Luciani,4,1074.25
13025,1621101765000,13,Starla,Trousdell,3,305.77
13421,1621080150000,16,Angie,Dooler,4,1703.2
10075,1621094208000,61,Dorita,Summons,3,1759.75
13820,1621099416000,15,Pearline,Gullefant,3,3791.6
13998,1621044022000,11,Sheba,Rottenbury,2,2570.97
11918,1621121937000,73,Delmor,Smither,2,1501.13
12533,1621106188000,57,Saxe,Itzcovichch,4,3359.78
12118,1621046910000,79,Perry,McGaugie,3,731.45
13956,1621076662000,38,Breanne,MacGillivrie,3,2901.96
10783,1621049415000,44,Maribeth,Fewell,1,61.05
10185,1621089337000,3,Katusha,Stoke,4,2014.47
10804,1621082905000,79,Ruthy,Iggulden,4,1862.43
14214,1621109128000,32,Tomasine,Donett,4,3759.81
10194,1621118085000,90,Herb,Pail,2,2545.96
13060,1621075659000,13,Clarie,Bosse,4,3865.52
13654,1621106980000,70,Christophorus,Lilie,1,4561.93
14048,1621088030000,17,Brooke,Pattie,2,2162.67
12769,1621070474000,69,Sybil,Wendover,1,647.11
14660,1621081284000,51,Noel,Ealam,3,1199.8
11662,1621058415000,60,Letisha,Whorf,2,3713.21
11415,1621105040000,82,Golda,Berresford,1,2602.01
11646,1621122658000,48,Cornie,Mackney,4,4815.28
12006,1621100886000,77,Yuma,Clayborn,2,4371.04
10617,1621117960000,24,Rhody,Cove,4,2830.71
11767,1621080275000,32,Constance,Brogden,1,2684.9
11724,1621071979000,64,Norby,Reyson,3,1277.5
12953,1621069225000,49,Robbi,Redihalgh,1,1783.17
12887,1621070368000,9,Niels,Maskell,2,893.27
14142,1621111076000,27,Hyacinthia,Spurret,3,1749.69
12977,1621069511000,39,Lindsay,Campaigne,4,4611.38
11534,1621103229000,45,Adrien,Caesar,4,2395.02
12173,1621055370000,70,Jerrold,Petheridge,1,3800.81
13451,1621113279000,82,Gretna,Angeli,4,662.35
13519,1621037037000,99,Elbertina,Darkins,4,3399.24
12094,1621060776000,3,Adella,Birchill,2,1336.48
10369,1621049098000,35,Rube,Bennit,3,4086.06
14699,1621068702000,38,Sonni,Kennford,4,2052.53
14373,1621067447000,40,Lorne,Guidone,4,1961.27
14791,1621047909000,32,Waneta,Whitman,3,1355.07
14525,1621093137000,82,Derby,Ullyott,4,463.16
13957,1621050681000,4,Barn,Boltwood,4,3354.49
11921,1621102618000,22,Erin,Ainge,3,3333.52
10414,1621085647000,100,Marty,Sebring,2,432.07
14875,1621121012000,65,Camilla,Domek,4,3281.85
14332,1621094063000,9,Aleta,Placstone,1,2611.66
10513,1621046480000,57,Helenelizabeth,Gindghill,3,1103.99
10642,1621097165000,61,Tara,Ghilardi,2,384.96
12806,1621080637000,75,Leontyne,Brussell,4,4294.92
10011,1621047227000,35,Iona,Grinaway,1,4670.59
12326,1621041340000,89,Jasmina,Spear,1,4356.28
13368,1621060211000,29,Rowena,Nesbit,1,3173.28
11726,1621068664000,24,Millard,Toke,2,1668.24
12939,1621056539000,46,Morgen,Staneland,4,1605.61
12033,1621070791000,60,Jeana,Hulland,1,1848.1
12924,1621062458000,60,Claiborn,Humber,1,1724.46
14519,1621064336000,2,Griffy,Priddey,2,3463.04
12809,1621118170000,52,Bekki,Gregoire,1,3478.16
13037,1621046522000,79,Gawain,Andretti,2,543.0
11405,1621115347000,34,Rosanna,Presswell,4,1403.67
14474,1621122820000,62,Marisa,Madle,3,3192.27
11974,1621100817000,64,Clementia,Steinhammer,3,1389.71
11658,1621092036000,41,Dulcea,Battill,4,1411.74
11658,1621049485000,95,Archer,Abriani,3,787.65
11809,1621057728000,97,Mehetabel,Bebis,3,1586.23
10120,1621055662000,30,Birdie,Huntington,1,3273.62
11363,1621051446000,74,Tabb,Rylance,1,3044.21
14067,1621100662000,25,Darrel,Finlason,3,2250.7
10303,1621086023000,41,Ramona,McRavey,1,4989.28
13073,1621044439000,87,Katharina,Silverston,4,4668.75
14993,1621067900000,97,Zolly,Veivers,4,806.69
11230,1621091324000,21,Ozzy,Hatherleigh,3,2857.25
10904,1621042146000,50,Lavinia,Kunes,4,1035.55
13956,1621069282000,42,Cynthie,Croughan,2,2749.73
11341,1621055167000,67,Kellen,Mothersdale,3,3716.54
14216,1621056105000,76,Roth,Sturton,3,1933.56
12054,1621065516000,70,Leann,Stollsteiner,2,3430.52
13471,1621074033000,48,Wren,Penner,1,3717.99
11834,1621100164000,29,Sherri,Betho,1,2923.86
12148,1621109058000,28,Marylynne,Silverton,3,2823.86
11322,1621116638000,81,Stanislas,Ponnsett,3,4662.74
10933,1621100819000,17,Allie,Eccleshall,3,2005.69
12339,1621115036000,98,Jenelle,Huskinson,1,4636.6
12615,1621060349000,60,Sheffield,Torri,1,4529.65
10312,1621048828000,10,Gaultiero,Jantot,1,3235.19
14022,1621066666000,68,Maud,MacArdle,4,2074.29
13856,1621058853000,91,Leona,Pressman,2,4867.96
13814,1621094630000,79,Tamra,Fleming,3,3642.09
11290,1621078511000,81,Garwin,Todhunter,4,4012.98
11862,1621102391000,70,Glennie,Laughtisse,3,3397.31
10284,1621093503000,5,Stephannie,Atcheson,3,2678.0
14474,1621100604000,25,Gerik,Thynne,3,3628.31
12052,1621085664000,24,Nance,Olek,1,462.52
11972,1621106905000,82,Leif,Sueter,3,3112.22
10062,1621120163000,16,Duane,Ready,3,551.96
11167,1621114534000,78,Ky,Devinn,2,4749.73
10880,1621044846000,60,Murielle,Arney,2,3400.18
10703,1621111692000,81,Conant,Ferrieroi,4,3114.15
12760,1621073086000,91,Ringo,Gamon,1,3628.03
11899,1621105132000,87,Sioux,Naisbitt,3,2779.33
12097,1621098388000,29,Deck,Prendiville,3,3490.55
14123,1621044725000,99,Leticia,Cass,2,1808.68
10834,1621095241000,100,Wit,Jaume,2,3178.66
11883,1621115231000,11,Brody,Beddard,1,1862.8
10798,1621051647000,49,Zabrina,Stobart,3,4036.77
13728,1621060621000,12,Vince,Eglise,3,2741.16
13216,1621060673000,26,Flore,Keays,1,414.76
13412,1621083463000,14,Madlen,Ullock,4,295.89
14867,1621054517000,27,Bjorn,Hellikes,2,2734.93
11488,1621050377000,22,Efren,Keyse,2,2382.45
10027,1621064171000,64,Allyn,Alder,4,3691.54
13910,1621076646000,26,Darcie,Wyson,1,4062.34
10949,1621104779000,51,Lucias,Hancox,1,1187.15
10749,1621059339000,8,Carrie,Farloe,3,1333.12
11649,1621099289000,60,Filmore,Orry,4,4095.41
12424,1621078438000,52,Natty,Currin,2,294.47
12495,1621093829000,39,Dixie,Steutly,4,3735.11
14985,1621049417000,79,Yoshi,Merfin,4,1219.49
11686,1621059931000,14,Adella,Laying,1,1046.87
12456,1621087595000,40,Karlik,Kidstoun,3,1434.49
13035,1621071621000,62,Tome,Proffitt,3,3503.69
10362,1621061453000,91,Ralf,Barnaclough,3,3581.19
13070,1621068333000,31,Zitella,Lowre,4,4049.66
14924,1621048578000,21,Herta,Grabban,4,674.27
14806,1621051809000,60,Hurleigh,Falkous,2,4671.53
11723,1621058062000,64,Van,Leger,2,2461.99
13548,1621103024000,86,Heather,Silson,4,427.7
11935,1621106732000,66,Alyce,Guillon,1,298.56
10319,1621118992000,94,Aindrea,Sprigin,3,2984.48
10500,1621096630000,76,Hynda,Garroch,1,955.58
10067,1621122820000,12,Cris,Fisby,4,2146.21
14448,1621047871000,58,Amble,Harkin,2,2800.81
12775,1621047216000,13,Kaile,Ellson,3,4138.64
12989,1621040225000,78,Sukey,Hubbucks,4,3558.28
14011,1621051183000,82,Marilin,Dimmick,2,3366.42
11098,1621098662000,53,Shandy,Shovelton,4,3337.99
13373,1621080957000,64,Robby,Crawshaw,2,4017.4
12383,1621121373000,78,Roda,Gashion,4,1448.88
12377,1621114613000,41,Ashia,Collymore,3,341.57
11826,1621044372000,25,Harwilll,Vautier,2,4755.9
13766,1621049858000,24,Xenos,Clotworthy,1,4287.81
14810,1621099136000,14,Rebeca,Roos,3,992.34
13336,1621072303000,89,Milzie,Bath,3,607.02
12783,1621076838000,100,Coralyn,Bakey,3,3294.99
13616,1621047312000,71,Thacher,Hollow,1,1773.61
12412,1621053971000,60,Melina,Lampard,3,3941.76
14192,1621077092000,54,Uri,Provest,2,1895.11
12028,1621080455000,87,Milt,Gabey,3,1689.09
14541,1621119659000,50,Lyman,Hamlyn,3,1775.81
10447,1621044080000,91,Prescott,Guiot,1,2601.66
10522,1621116682000,15,Talya,Ditter,1,112.49
13001,1621051975000,78,Breanne,Menloe,2,1295.76
14253,1621071333000,56,Darwin,Lamble,1,4338.65
13909,1621064163000,86,Warde,Fulop,4,768.94
13284,1621039826000,81,Kris,Bernocchi,4,575.16
10060,1621079712000,58,Ranique,Mitchelmore,4,3019.45
13676,1621041718000,64,Electra,Maliphant,4,3552.61
10217,1621117024000,85,Jason,Yarham,3,4548.56
12434,1621052105000,46,Pietro,Fishly,3,2418.97
13058,1621082614000,62,Aurea,Mainland,1,2431.18
10301,1621097275000,60,Hastings,Beel,1,634.58
11898,1621091353000,34,Fin,Champken,1,1770.47
12208,1621083811000,33,Read,Padilla,4,4742.52
11540,1621051116000,45,Tally,Stebbings,1,2263.39
10429,1621062571000,2,Averell,Glencross,4,466.26
11564,1621089741000,85,Avis,Yurmanovev,1,4493.25
10584,1621077408000,96,Gae,Warrick,4,136.25
11382,1621083367000,33,Hilario,Scupham,3,4093.28
14836,1621106532000,15,Aundrea,Sandham,3,3675.12
14784,1621048873000,22,Winifield,Rhymes,2,3645.54
13914,1621078893000,97,Philippine,Crippes,2,1909.66
14975,1621117115000,2,Ortensia,McCroary,3,1723.86
10385,1621092966000,27,Brandy,Pargeter,4,531.82
14372,1621084968000,28,Christy,Haswell,1,2863.79
10364,1621085852000,15,Gretna,Winfred,1,1680.24
13308,1621076499000,97,Robby,Dadge,3,437.58
14949,1621094229000,42,Reena,Stickels,3,48.98
13093,1621057154000,100,Anet,McAnellye,2,4395.82
13716,1621047250000,8,Beverly,Brookwell,3,4054.87
10221,1621121191000,84,Gusella,Brawn,4,1164.24
12027,1621067464000,57,Maximilian,Lytlle,1,4990.61
11834,1621088055000,73,Valaria,Eastcott,3,1236.9
13126,1621088255000,31,Charlot,Raywood,2,3978.92
12961,1621094538000,47,Dagmar,Deesly,1,453.83
11528,1621040808000,87,Millard,Caville,2,3498.67
13199,1621074907000,56,Collete,Denyakin,4,166.93
13533,1621051502000,45,Linea,Dashkovich,4,3309.18
13562,1621114012000,10,Kennie,Flaws,1,426.34
13862,1621049150000,36,Carlen,Rauprich,1,2119.31
12538,1621117403000,34,Emelina,Nixon,1,388.95
10312,1621108764000,91,Esmeralda,Ratie,4,431.24
14479,1621056222000,12,Jaymie,Normanvill,1,202.27
12863,1621057239000,91,Bink,Turbat,4,4556.42
13133,1621071388000,6,Jodee,Vevers,4,485.8
11715,1621042835000,60,Fleurette,Stout,1,3454.6
12261,1621078171000,70,Claudina,Peizer,2,759.87
10507,1621097204000,49,Lida,Dugood,2,742.33
11439,1621121219000,94,Marget,Heikkinen,3,3637.52
10232,1621082662000,29,Juline,Grigoliis,2,159.35
11918,1621105216000,65,Kala,Muckersie,1,1361.28
14549,1621075670000,18,Indira,Authers,4,1796.44
14266,1621051613000,2,Torrance,Kingston,4,3882.03
12347,1621094670000,58,Malcolm,Whebell,3,3881.13
11845,1621117063000,82,Dara,Lownsbrough,3,1408.25
11870,1621048939000,87,Griselda,Faers,2,3594.95
12676,1621100155000,70,Beryle,Patis,1,4584.51
12612,1621039074000,26,Georges,Roo,4,2530.59
11157,1621122154000,75,Shelagh,Reyburn,4,3176.72
11423,1621070821000,29,Pansie,Cristol,2,3271.49
11519,1621074082000,26,Hillie,Scahill,1,1650.14
10410,1621090690000,16,Ina,Maffey,3,290.67
14053,1621058273000,79,Kendre,Flanders,2,3566.6
14565,1621044677000,10,Foster,Bleiman,4,2195.75
11957,1621063741000,39,Nickie,Ervin,4,3951.58
13138,1621075563000,97,Augusto,Foux,3,3214.94
11093,1621078848000,90,Jacquenette,Raggles,2,4637.18
11111,1621086427000,26,Gardie,Pursehouse,4,2745.25
11972,1621116985000,86,Chlo,Hardey,4,458.46
11343,1621067735000,47,Kikelia,Kemitt,1,4595.06
13178,1621122653000,100,Kylie,Nuttey,2,3916.09
11081,1621075594000,49,Kirbee,Giuroni,4,1751.17
10180,1621104484000,77,Gaylene,Stadden,4,4248.15
10491,1621118160000,70,Tad,Brahms,2,82.91
11442,1621110359000,33,Haroun,Bordman,4,1215.8
12844,1621120826000,30,Grazia,Juorio,1,2180.78
10083,1621058346000,84,Cassius,Batisse,1,4319.98
12739,1621056739000,86,Rosemonde,Twell,4,767.53
10018,1621098329000,4,Barney,Lay,3,820.98
13295,1621113505000,88,Marijo,Doddridge,2,2734.24
10658,1621052618000,71,Wanids,Cunnell,2,1192.28
11914,1621061808000,28,Thomasin,Grayston,2,4444.84
14548,1621041566000,94,Lezlie,Spivie,2,1628.06
13699,1621086579000,78,Halette,Murch,1,717.56
13486,1621036845000,8,Thedrick,Axston,4,3411.82
10244,1621041060000,26,Mikey,Paley,1,2044.54
10834,1621043228000,78,Goldarina,MacAlpine,4,3973.06
13181,1621077566000,81,Gretna,Pren,4,4258.7
12218,1621109558000,92,Ginnie,Gheerhaert,3,188.25
11915,1621052205000,75,Thatch,Grimster,3,847.72
10560,1621038799000,22,Nissa,McAsgill,2,522.17
12420,1621039043000,56,Bondy,Pagelsen,2,3049.38
10250,1621111102000,97,Gale,Duckering,2,3749.75
14867,1621049996000,35,Jory,Pourveer,2,928.12
14552,1621071573000,23,Tobie,Angell,1,3444.08
13641,1621061882000,61,Anatola,Brehault,1,2743.56
14726,1621075454000,46,Jobi,Petrello,1,2336.1
12374,1621095798000,67,Renee,Cadany,3,2438.29
13133,1621054062000,63,Kali,Castagnone,4,3357.34
13033,1621110144000,47,Baldwin,Rowsell,3,1832.38
14000,1621061026000,29,Michaeline,Chantler,4,2228.29
14188,1621102601000,99,Pippa,Oxenden,4,610.07
11759,1621049610000,39,Si,Giddings,3,4253.52
10946,1621109902000,33,Marguerite,Reese,2,582.42
13454,1621081321000,69,Lesli,Joule,2,2907.27
14283,1621058118000,17,Anissa,Sudddard,4,3536.02
12527,1621065628000,82,Anallese,Acome,1,4121.4
11939,1621101905000,13,Lissa,Arons,1,594.81
11065,1621044409000,42,Roby,Hearse,3,2351.17
14633,1621057039000,96,Dael,Mouton,4,4723.25
10580,1621105492000,38,Giustina,Seifenmacher,3,1218.7
14976,1621118631000,21,Frants,Cashin,4,58.78
12719,1621038407000,15,Lucina,Lehon,2,430.95
12379,1621059963000,83,Isadore,Sloyan,2,906.36
10485,1621101158000,5,Hermy,Costigan,4,2001.26
10115,1621078755000,75,Louisa,Hurren,2,2992.15
10682,1621049057000,5,Sebastien,Ghion,2,4239.61
11949,1621042664000,66,Thomas,Gavey,3,348.19
10468,1621046252000,65,Tabbie,Ghelardi,2,980.57
10058,1621092342000,53,Gradeigh,Fibbens,3,1200.36
11640,1621102430000,3,Rick,Raddenbury,3,1417.39
13633,1621098162000,60,Lance,Speight,4,2057.84
12048,1621056449000,65,Laird,Duthy,2,3593.17
12576,1621047198000,11,Cordie,Antushev,4,4985.31
14319,1621101919000,68,Giulia,Milburne,3,3983.76
13928,1621121255000,35,Nicolis,Mioni,2,978.17
11080,1621068997000,45,Haskell,Myrie,1,4638.33
13498,1621073204000,37,Isa,Saltrese,3,1115.67
13921,1621068190000,27,Stevy,Nardoni,2,935.54
12342,1621064123000,76,Lethia,Purry,4,689.56
12164,1621041419000,39,Nissa,Hollidge,4,2397.7
10193,1621122984000,53,Trace,Kenen,4,3599.5
12262,1621094031000,45,Vernen,Hardbattle,3,3094.03
10621,1621041014000,45,Augusta,Wilsher,3,2902.28
14556,1621070551000,60,Noby,Drawmer,2,3773.2
12317,1621041844000,4,Caren,Worgen,3,4351.73
10811,1621044048000,89,Wynne,Koppens,2,1483.35
11145,1621058232000,11,Job,Mutlow,1,3307.0
14388,1621084226000,24,Natasha,Brabham,2,4627.85
10313,1621043439000,85,Clovis,Gannicott,4,3078.72
13384,1621115147000,64,Sven,Glasard,2,3143.14
14478,1621102222000,62,Barbabas,Spackman,2,1505.09
12763,1621070008000,29,Nicola,Atheis,4,4252.32
13227,1621071412000,68,Edie,Lukash,2,4897.28
10755,1621036848000,19,Reidar,Extence,4,4160.67
14795,1621048565000,43,Gunner,Drew,4,3879.72
13981,1621061171000,50,Tailor,Gamet,2,1610.99
12515,1621069087000,43,Terence,Minor,4,1324.25
14262,1621053057000,29,Candra,Duligal,3,4261.34
11227,1621070854000,30,Jeri,Sivills,1,1934.28
14310,1621090497000,70,Oralee,Bretland,2,4963.5
10498,1621067400000,28,Lia,Banghe,3,495.1
10271,1621056205000,100,Dulcia,Latan,3,2024.35
10624,1621051345000,43,Cyndia,Muncaster,1,1476.71
13611,1621097174000,48,Arleyne,Petruk,3,2441.18
13327,1621054081000,11,Garrick,Adao,1,2231.29
13417,1621097927000,30,Zebadiah,Skerm,3,1910.84
11050,1621075771000,28,Mick,Slatten,2,2400.45
14443,1621069236000,53,Shela,Linke,3,1566.19
13048,1621122494000,86,Bing,Whaites,4,4501.37
14197,1621121730000,42,Vincenty,Stackbridge,2,1097.78
14312,1621059689000,9,Teri,Howland,2,3691.72
14073,1621074341000,12,Bernette,Harwood,3,2326.2
13958,1621039869000,10,Siana,Lofting,1,1868.4
13115,1621078038000,90,Batholomew,Pryn,3,679.47
13366,1621060709000,50,Adorne,Fasham,3,1068.43
14683,1621038524000,97,Irene,Pidwell,3,3393.92
10095,1621101982000,24,Zaneta,Heater,1,4838.87
13160,1621059423000,66,Humberto,McDonogh,3,843.31
12150,1621090053000,66,Starlin,Fireman,2,670.39
10937,1621082741000,43,Randall,Byram,3,4608.88
13178,1621066112000,86,Allsun,Samworth,2,943.03
12682,1621075595000,9,Danice,Cristofano,1,3821.59
12573,1621122236000,75,Staci,Huyche,2,2801.91
10923,1621110137000,4,Starlene,Novichenko,4,2367.33
11458,1621088135000,3,Melisande,Greenalf,1,1109.24
10360,1621107123000,39,Emmie,Ollin,1,2287.54
14026,1621114857000,57,Carolynn,Notti,2,1564.79
14208,1621115827000,40,Nick,Tibbetts,3,1239.46
14537,1621038608000,77,Goldi,Allaway,1,2953.51
14625,1621067535000,35,Thorny,Van Bruggen,4,319.44
13493,1621102460000,52,Nicki,Franciskiewicz,1,4676.81
12379,1621072770000,76,Gayla,Cud,4,3950.13
14018,1621121030000,91,Mendie,Pashler,4,3352.23
11004,1621092723000,85,Kare,McCann,3,4382.14
10761,1621089018000,35,Rose,Handsheart,1,3328.35
11925,1621079620000,82,Florri,Cosgrave,3,3970.5
14809,1621090126000,95,Chuck,Hawick,2,902.91
10896,1621049552000,36,Ophelia,Linnock,4,1591.7
13471,1621098104000,56,Patton,Burris,3,2604.61
14850,1621041515000,76,Tonia,McTurley,3,188.39
12491,1621054091000,82,Jaye,Eathorne,4,4662.55
11196,1621104949000,4,Richard,McGaughay,3,4171.37
14032,1621070438000,87,Ofelia,Staneland,1,4499.64
12552,1621105554000,67,Tim,Manneville,2,524.16
10711,1621099876000,48,Daven,Bromfield,1,1610.68
11550,1621111303000,46,Jerrilyn,Loyndon,1,487.23
14141,1621059704000,86,Gerri,Boissier,1,1671.77
10714,1621048524000,40,Roseann,Blei,3,4109.56
10923,1621110490000,31,Jacky,Dominy,3,2472.78
11690,1621104720000,5,Susanetta,Fearnall,3,2729.32
13422,1621064523000,54,Brandy,Dowsett,1,2163.83
10600,1621049168000,56,Margarette,Seathwright,3,2332.29
10329,1621064427000,87,Napoleon,Diggell,4,1259.06
13033,1621093141000,47,Betteann,Ivie,3,4398.55
10357,1621084962000,12,Gavrielle,Farquar,2,1869.12
14944,1621076065000,84,Janenna,Scarasbrick,2,4849.25
11395,1621047453000,34,Cari,MacConnechie,1,1801.25
13834,1621074632000,52,Fonzie,Minton,1,1022.12
13610,1621062173000,71,Martie,Broughton,4,845.22
14275,1621092907000,35,Graeme,Kalvin,4,196.17
13862,1621065992000,52,Lanae,Waplington,3,1253.94
12874,1621058817000,88,Patrick,Callam,1,3322.92
14490,1621121223000,48,Nertie,Blakemore,3,3640.94
10847,1621067674000,35,Becki,Mutton,3,659.56
10748,1621078987000,60,Alard,Siemantel,3,764.26
14935,1621068615000,24,Neda,Kilmurray,2,2719.81
13879,1621057020000,58,Portie,Mannie,2,516.06
10886,1621094034000,72,Gaspar,Allsworth,2,808.91
14509,1621085054000,32,Daffie,Shambroke,3,343.34
13628,1621087711000,80,Alina,MacCaughen,1,3570.4
11866,1621057548000,58,Luise,Connar,4,4254.93
12874,1621110937000,45,Kalina,Penfold,2,3744.2
10035,1621045153000,61,Arabele,Rollason,4,4488.88
14130,1621054193000,62,Jean,Siebert,3,2766.04
13356,1621085662000,64,Shawnee,Munning,2,988.78
11953,1621059789000,37,Bari,Spendlove,1,4255.09
12496,1621121665000,84,Sarah,Bowlas,3,4570.03
14126,1621065458000,42,Guthrie,Hambrook,1,1266.52
12452,1621069701000,74,Homere,Griffiths,1,678.04
13980,1621077975000,100,Joelie,Hendrich,3,1058.88
13583,1621038193000,61,Doralin,Sutlieff,4,1083.06
11729,1621121187000,59,Mycah,Duns,2,2742.76
10611,1621042557000,86,Brandi,Tearle,1,3774.85
10957,1621092807000,59,Ester,Dykes,2,923.82
10233,1621117106000,53,Harrietta,Cruikshank,3,1724.83
12568,1621064231000,99,Donia,Pym,1,4113.63
10193,1621103488000,31,Fairfax,Fricker,1,484.11
10677,1621062811000,47,Deane,Blackbrough,3,1019.85
12344,1621060114000,74,Richardo,Hildred,3,1846.13
12482,1621075837000,94,Kaitlyn,Espinel,3,3377.85
10124,1621051587000,76,Barney,Conerding,4,2756.06
12937,1621117568000,24,Vanessa,Pizey,1,798.98
12646,1621064583000,23,Nathalia,Edess,1,3629.63
10583,1621049457000,48,Julita,Mould,1,2456.94
12169,1621039815000,27,Hardy,Stitwell,3,582.41
13276,1621050995000,11,Belvia,Klimowski,2,2899.24
11676,1621070900000,71,Lauraine,Goodyer,1,4354.0
13356,1621060601000,67,Derek,Bollon,3,2951.9
13836,1621040974000,3,Monah,Gowler,3,2859.2
14489,1621038326000,39,Felicity,Pickett,4,2949.16
14835,1621060479000,58,Caroljean,Shaxby,2,3148.97
12927,1621068547000,98,Rolland,Caras,3,3935.78
14886,1621087822000,59,Tonia,Essery,4,2336.74
12544,1621120429000,53,Efren,Huff,3,912.07
12378,1621115682000,87,Catherina,Sackey,4,3454.36
10191,1621107255000,68,Barbi,Northall,1,1729.01
14669,1621072958000,16,Cristian,Knewstubb,2,2830.58
11715,1621079531000,45,Yank,Powney,3,3389.33
14920,1621122731000,21,Prescott,Vogt,2,2612.33
10300,1621121678000,27,Guillermo,Friberg,1,3364.47
14652,1621058324000,68,Chad,Ioannou,4,1021.82
14102,1621103060000,10,Joanne,Lutwyche,1,4019.29
10379,1621084676000,83,Carma,Addenbrooke,2,3168.79
10679,1621113704000,20,Rurik,Signore,3,3100.23
13602,1621069451000,70,Iain,Bernet,3,2901.98
11027,1621101564000,80,Elvyn,Ingleson,4,3500.24
10606,1621089713000,1,Jilli,Melan,4,2790.57
13287,1621054966000,84,Jobey,Kellog,1,2104.41
11081,1621039269000,5,Lotta,Smoughton,2,3964.63
10167,1621042162000,84,Agathe,Bigley,3,3845.45
12568,1621065078000,8,Ethelyn,Phalp,2,261.95
12534,1621053913000,39,Nilson,Piscot,1,4271.1
11800,1621093454000,87,Essa,Rickard,3,392.59
14674,1621078455000,7,Deloris,Harty,1,254.28
14920,1621105996000,84,Ilario,Addicott,1,1452.64
10136,1621089294000,31,Gigi,Tytherton,4,4104.89
13591,1621065922000,49,Vivyanne,Lavin,1,2226.78
10761,1621098709000,34,Maible,Marshland,4,2956.61
11337,1621115203000,72,Petronia,Tofpik,2,2665.32
10889,1621084400000,89,Christine,Praton,1,1686.85
10639,1621089136000,52,Blaire,MacCaull,1,371.66
13996,1621083030000,60,Michal,Mallender,2,4332.32
14170,1621123002000,31,Wanda,Bareford,2,2791.99
10614,1621072000000,62,Shea,Ketteringham,2,721.96
12516,1621040714000,58,Bamby,Ryle,4,4158.74
12158,1621098113000,67,Hobey,Caskey,4,637.28
13482,1621052273000,64,Willow,McCahey,4,640.37
14303,1621064198000,87,Sosanna,Fawks,4,794.37
12831,1621071054000,31,Priscella,Voller,1,43.77
11924,1621086526000,4,Emelda,Newland,1,2993.0
11370,1621045306000,56,Stacee,Gateman,3,4562.37
10754,1621042684000,24,Eden,McKennan,1,1397.31
12285,1621072263000,51,Kane,Wight,1,3120.74
11427,1621119360000,27,Leonelle,Hacquoil,1,1905.03
12823,1621076069000,64,Rainer,Flower,4,152.49
11020,1621079667000,43,Elnore,Kynge,1,2684.28
13987,1621104322000,95,Feodora,Ezzle,1,2697.98
11491,1621104878000,78,Krystle,Fealy,4,370.76
10276,1621058891000,36,Birk,Bilston,4,3548.37
14276,1621085436000,100,Gae,Bennington,2,3944.46
10029,1621066765000,78,Ariel,Mattheus,3,1016.14
13101,1621062909000,75,Kirsten,Hutcheson,1,1270.02
11161,1621068866000,68,Babs,De Hooch,1,2562.5
10915,1621103544000,56,Dal,McAdam,1,4933.8
12596,1621094939000,82,Gardener,Busfield,1,3945.41
11014,1621045554000,99,Valdemar,Hegg,3,915.41
12788,1621075257000,56,Tillie,Darthe,3,475.58
13801,1621073008000,15,Cinnamon,Prowting,1,3010.55
13728,1621097077000,10,Zarla,Ranahan,4,3190.64
10698,1621078103000,88,Joelie,Francie,2,4343.88
12456,1621066846000,75,Grannie,Drewes,2,1098.56
12623,1621117808000,50,Liane,Davenhill,2,42.52
12661,1621111571000,51,Silvano,Petlyura,4,3386.35
14783,1621117949000,38,Benny,Forsyde,1,3270.35
12998,1621053441000,26,Merrilee,Burnip,3,529.22
13302,1621059567000,48,Regan,Kneeland,1,955.47
13665,1621084666000,32,Elaine,Gantzman,4,1526.59
10175,1621082546000,71,Buckie,Furmonger,2,4152.29
11664,1621089030000,98,Nerta,Fahey,1,4990.7
10354,1621110150000,14,Hugo,MacFaul,1,4893.72
11227,1621079039000,53,Agnese,Kopisch,2,2398.56
14307,1621078882000,21,Llewellyn,Bolsover,3,3600.58
11616,1621069242000,26,Shelagh,O' Concannon,1,3959.32
14109,1621061395000,18,Adah,Ollarenshaw,1,2464.47
12108,1621077414000,74,Larine,Robotham,1,6.15
10029,1621116141000,45,Guenevere,Newborn,4,3118.7
11881,1621085528000,45,Cece,Pedican,4,988.78
10861,1621081329000,26,Humbert,Peplay,3,1752.16
12035,1621098426000,42,Egor,Haxbie,2,2026.46
11628,1621102972000,84,Abbey,Young,1,3685.9
14907,1621117410000,6,Jermaine,Amey,3,3164.14
11524,1621044869000,52,Vita,Ormshaw,2,843.9
14588,1621051633000,46,Shermie,Brasier,1,897.74
12779,1621070629000,89,Novelia,Benezeit,3,2722.49
12735,1621062257000,61,Jobey,Dufton,2,2354.46
13615,1621090044000,11,Gale,Kuzemka,2,383.66
12623,1621054748000,17,Karisa,Matusevich,3,1763.94
13649,1621093644000,17,Glendon,McGreil,1,1290.56
11834,1621064090000,100,Sammy,Dakhno,1,2099.57
14135,1621112778000,65,Lavinia,Barnewille,2,2233.75
14583,1621081288000,22,Ced,Lindfors,4,1577.15
11568,1621041627000,16,Spence,Deniscke,3,3925.23
12031,1621102995000,15,Ive,Whitham,4,1787.44
14226,1621048535000,95,Gennie,Budnik,2,798.27
12054,1621085168000,86,Ava,Thorington,3,4690.16
11470,1621120531000,43,Jacquette,Finby,1,1838.69
10320,1621039113000,36,Husein,Pedron,3,4730.47
13214,1621091872000,29,Ashleigh,Muggleton,1,4880.02
12416,1621088088000,79,Ted,Shailer,1,4078.0
11473,1621104422000,3,Georgi,Balden,3,3223.44
11526,1621081715000,73,Ramon,Phelipeaux,4,827.54
13066,1621122342000,32,Ebeneser,O'Mahoney,4,1442.54
10092,1621108277000,27,Sherill,D'eye,2,3430.15
12423,1621097750000,78,Allis,Beadnall,4,49.22
11895,1621119999000,34,Denver,Woolston,1,3190.14
14591,1621095907000,2,Ardelle,Greenhead,3,2669.97
11113,1621045330000,68,Viv,Velasquez,3,934.14
10701,1621070708000,51,Isador,McParland,2,2655.45
13802,1621105200000,5,Alayne,Jeschner,3,3684.55
13942,1621039076000,28,Catlin,Antalffy,4,2465.93
12413,1621106601000,54,Ida,Spir,4,3028.83
13035,1621082972000,11,June,Ashbrook,3,1138.88
12945,1621039746000,78,Romonda,Galtone,3,3113.65
13754,1621102783000,14,Tedie,Wace,2,1828.64
12002,1621109731000,30,Weston,Tripean,3,3523.11
11279,1621082740000,71,Tanney,Inge,1,1685.7
12417,1621047889000,99,Syd,Challen,3,1715.15
11894,1621056428000,63,Quinlan,Lidell,3,3261.32
12775,1621065954000,37,Auroora,Bulford,1,2879.05
11866,1621082055000,48,Tyrone,Liger,1,1013.16
11026,1621042309000,26,Max,Castagnet,4,4924.24
12772,1621088721000,41,Ernaline,Dell Casa,2,3783.26
12836,1621069019000,84,Wildon,Orring,3,3086.22
10347,1621076515000,37,Gillie,Westfield,3,2044.1
11654,1621101308000,4,Grayce,Curme,4,2251.53
13838,1621080201000,85,Joelynn,Gonzalo,2,430.13
14736,1621106998000,21,Dion,Duggen,3,3770.48
11781,1621107966000,14,Clarance,Greenhead,2,2910.75
13029,1621092481000,16,Wendall,Frake,2,1334.89
13387,1621118177000,74,Fenelia,Scogings,3,4988.52
11403,1621077636000,18,Onfre,Swindin,3,4350.63
12706,1621103239000,30,Chandler,Aldcorne,2,2180.28
12191,1621045527000,57,Dara,Pyper,2,4314.02
14348,1621057835000,24,Ali,Emanulsson,2,1110.35
14738,1621055463000,93,Dulcinea,Baddow,4,4540.91
10147,1621067108000,50,Aimee,Gladebeck,1,1056.96
13348,1621107369000,7,Ag,Hefforde,3,1550.53
13464,1621113570000,96,Dirk,Izard,1,2226.28
12236,1621089186000,61,Lemuel,Emslie,1,2003.0
10730,1621083510000,97,Base,Rauprich,1,776.24
11454,1621087913000,53,Dieter,Lowles,2,1421.48
12011,1621110743000,13,Tod,Bonafant,1,3083.46
12399,1621117417000,34,Alethea,Froschauer,4,2645.48
10289,1621056344000,92,Benito,Betun,3,1966.47
12949,1621107602000,3,Rick,Lowres,3,2527.18
13855,1621072700000,64,Kimble,Huccaby,2,495.99
11780,1621114200000,67,Trenna,Elliott,3,783.13
13046,1621071559000,60,Ly,Sprason,2,4386.77
12159,1621059923000,21,Ragnar,Cana,1,1075.57
12264,1621077275000,7,Iggie,Lorriman,4,1297.88
11758,1621104591000,80,Ulrika,Hillan,1,4658.43
13979,1621096543000,94,Isidora,Lanham,2,4730.59
14626,1621112770000,91,Danella,Arblaster,2,444.05
13356,1621070746000,50,Lynnea,Gooderridge,2,382.78
13205,1621085145000,15,Scotty,Harby,1,3259.62
10928,1621041252000,97,Morganne,Assante,2,3779.63
14720,1621046889000,59,Terrill,Fazan,2,4671.23
13867,1621050368000,98,Jon,Helis,2,4983.92
14796,1621094165000,13,Selby,Shanks,4,1786.04
12643,1621105864000,28,Anjanette,Stearley,2,1310.4
11977,1621076204000,84,Adolf,Matskiv,1,3161.47
13657,1621048278000,60,Tine,Glynne,2,2821.0
10585,1621068590000,4,Baldwin,Diboll,2,844.98
14912,1621039784000,87,Vance,Spohr,1,50.4
12417,1621077125000,2,Ambrosius,Cullotey,4,536.62
10747,1621041524000,49,Kaleb,Barents,4,643.17
10073,1621056845000,10,Tonnie,Scotchmore,3,1700.83
10837,1621050397000,99,Gard,Olifaunt,4,4717.54
14871,1621037868000,11,Rainer,Joret,4,2124.86
10540,1621079811000,4,Sada,Haugg,4,1670.54
12153,1621060142000,53,Wynn,Attle,3,4466.28
11410,1621115824000,94,Laryssa,Matushevich,1,4938.2
11050,1621086874000,59,Shaylyn,Jarmyn,4,641.39
10026,1621091800000,28,Nevile,Coton,4,2306.58
14479,1621076353000,10,Rebeka,Mainston,3,3596.65
11079,1621087599000,42,Laryssa,Hambric,3,1412.39
14175,1621062255000,89,Kennan,Girth,3,4745.23
13561,1621075100000,14,Gene,Espine,1,4244.39
14184,1621119188000,50,Darlleen,Kindread,1,2292.27
11986,1621116545000,14,Eal,Gapp,2,1931.89
10843,1621102281000,72,Marina,Coton,1,1452.9
12131,1621112819000,86,Buffy,Flanagan,4,1233.03
12959,1621061782000,57,Michell,Noton,3,1708.38
13177,1621055471000,44,Othilie,Sommer,2,3678.06
12222,1621114483000,42,Aldis,Blunkett,2,362.53
14480,1621041034000,31,Carlin,Cogan,4,2560.8
10206,1621115693000,65,Claudie,Abramovici,1,2122.57
13799,1621099078000,56,Berke,Kerans,1,903.12
10722,1621072495000,48,Neddy,Paulig,4,2899.51
10150,1621104390000,62,Hendrika,Regardsoe,3,2634.17
12803,1621101197000,99,Malchy,Drysdale,3,2397.82
14602,1621085689000,42,Theodor,Josefs,1,2416.54
10856,1621038273000,68,Milly,Amor,1,4099.0
14882,1621122915000,51,Yance,Melwall,1,4050.24
12853,1621071944000,25,Fayette,Matschke,2,165.39
11922,1621103826000,15,Vale,Gillions,2,3629.0
14426,1621122882000,94,Cosme,Danby,2,4522.95
10007,1621115016000,82,Fitz,De Blasi,4,220.19
13074,1621079735000,48,Giulio,McRuvie,4,3470.25
14145,1621096707000,90,Hester,Golly,3,4006.93
13157,1621075693000,35,Constanta,McOwen,3,1217.8
11799,1621107171000,68,Daloris,Carah,2,3138.27
13929,1621074889000,16,Kaylee,Veevers,2,3509.53
13518,1621084867000,81,Winne,Hencke,4,4281.53
12516,1621055611000,87,Valeria,Glanvill,1,155.24
10359,1621104208000,40,Donn,Sicily,4,72.11
14943,1621087541000,64,Dyanne,Sidney,4,4081.39
14798,1621077244000,97,Hanna,D'Almeida,2,4994.17
11046,1621091176000,22,Wallache,Balnaves,4,504.69
11225,1621076831000,78,Heindrick,Nevitt,4,1732.05
13272,1621049371000,72,Deb,Ellerton,1,15.98
11861,1621052071000,69,Prent,McGinney,4,4718.41
14589,1621102323000,51,Lanie,Fradson,2,2684.81
13054,1621051657000,90,Gunar,Emloch,3,2330.22
13685,1621073367000,82,Lorene,Vardy,1,4646.99
13774,1621052565000,80,Frank,Darycott,2,1028.1
10158,1621101725000,21,Cate,Hardistry,1,4823.14
14428,1621074633000,11,Toni,Kohnemann,3,3767.44
10050,1621085470000,59,Marlon,Dracey,1,4708.43
10858,1621071889000,69,Pete,Gasperi,3,4397.74
14396,1621058082000,57,Kally,Youster,2,2499.26
12163,1621117691000,77,Leanna,Doggart,4,1107.16
12690,1621102437000,66,Alexi,Oultram,3,143.98
13427,1621045111000,2,Evvie,Camelin,1,3125.36
11791,1621066740000,93,Adriane,Charity,4,3749.28
13192,1621039412000,24,Evanne,Yven,1,3548.09
11199,1621077626000,13,Raviv,Recke,1,2413.51
11378,1621047894000,94,Somerset,Britcher,3,15.98
14328,1621113273000,100,Jan,Whodcoat,4,4532.47
10856,1621103924000,29,Renelle,McGrae,4,3456.58
14473,1621070214000,85,Gordan,Aulton,4,1807.3
11054,1621104758000,51,Idelle,Eskrick,4,4534.21
14535,1621092814000,53,Gaby,Rentz,2,1120.06
13627,1621097735000,73,Arlina,Jakeman,4,1065.1
13637,1621069341000,40,Garvey,Derell,1,2573.41
13190,1621113524000,44,Shari,Westphal,4,466.1
13360,1621100282000,61,Norina,Gosdin,2,1528.49
13551,1621060209000,12,Goldie,Brimmacombe,1,4837.0
14624,1621107323000,96,Gustavo,Scritch,2,3466.94
12462,1621057137000,24,Read,Jaskowicz,2,2747.52
11064,1621097135000,6,Alane,Pickton,1,2896.9
10349,1621059377000,44,Fredelia,McVeagh,2,1608.69
13929,1621080513000,90,Lishe,Newe,2,1771.52
12541,1621041899000,8,Rhianna,Skeermor,2,1346.54
11804,1621066089000,99,Clarine,Stearn,1,1498.37
10614,1621102378000,66,Dorry,Hakes,1,4079.92
12465,1621057457000,48,Fleurette,Fraulo,4,4312.94
12269,1621104618000,45,Mariejeanne,Mosley,1,3753.21
14079,1621115508000,3,Care,Joscelyn,3,373.24
13735,1621092781000,6,Tybie,Sancho,1,1393.73
12869,1621062457000,44,Eula,Redmore,3,1639.98
10686,1621109903000,57,Muire,Roke,1,4677.35
10228,1621079669000,53,Baily,Ondricek,4,3097.81
14809,1621104854000,41,Erv,Porte,2,415.64
10513,1621068032000,40,Dyanne,Lanigan,4,292.75
10489,1621039716000,85,Tobias,Spera,1,2406.24
11185,1621060474000,20,Mignonne,Rosencrantz,4,413.42
11887,1621085406000,11,Rutger,Ewbanck,4,2239.05
12526,1621083977000,37,Stephana,Rizzardi,3,965.2
14654,1621113137000,96,Cassaundra,Busson,4,3321.27
12861,1621075180000,40,Jolyn,Ellwand,1,4044.0
13125,1621083651000,98,Sybille,Saterweyte,2,4521.56
14406,1621070952000,47,Orv,Paulino,1,3433.97
13644,1621037143000,18,Packston,Sagar,4,3853.5
13400,1621045749000,62,Gwennie,Jeans,2,4690.24
13961,1621045440000,72,Deeann,Stirling,3,2658.79
10400,1621046285000,24,Fernande,Earpe,2,899.77
11751,1621106241000,98,Niall,Fandrey,3,4184.36
14683,1621101445000,60,Tomlin,Petrov,2,612.03
14246,1621039884000,89,Rozamond,Jandourek,4,3927.93
12002,1621112958000,77,Marlyn,McColl,2,4056.88
10252,1621044193000,74,Granny,Humerstone,4,4146.43
12321,1621089823000,84,Tabby,Cristofol,1,1535.87
10522,1621076711000,18,Matt,Gemelli,3,4574.02
10835,1621074693000,75,Rebekkah,Pryde,2,3511.63
14694,1621044664000,86,Yankee,Bock,4,4482.37
13144,1621057801000,78,Reyna,McIndoe,1,2994.21
13789,1621056012000,81,Emogene,Frigot,3,3293.85
11274,1621100754000,28,Austin,Oubridge,2,3235.02
11428,1621047565000,3,Maureene,Rieger,1,3968.72
12516,1621089134000,68,Abigale,Bainbrigge,3,715.64
14303,1621075885000,67,Marlin,Spratt,3,2394.32
14948,1621094371000,64,Kerwin,Walworche,3,4688.0
11277,1621056836000,39,Emylee,Bargery,1,4422.1
13802,1621067778000,37,Tulley,Baulch,2,3383.2
14400,1621120155000,27,Nikolia,Lazar,3,757.57
11789,1621112299000,93,Herschel,Stallan,4,2745.85
10511,1621078738000,57,Kareem,Evesque,4,2741.66
11353,1621109729000,25,Rakel,Pilmore,4,1835.54
10439,1621045708000,96,Jacob,Cantor,4,3821.99
14098,1621109074000,49,Samuel,Durling,3,2289.96
12382,1621051831000,88,Olenka,Fiveash,3,4791.7
14312,1621050810000,93,Diarmid,Corteis,3,2747.6
12427,1621106286000,54,Teena,Ashburner,2,4984.39
13225,1621078962000,94,Mira,Evans,4,4270.84
10935,1621111578000,51,Emmy,Franek,4,4412.0
12261,1621083402000,36,Mateo,Nern,2,4212.98
11303,1621053809000,41,Carney,Tewkesberry,3,843.46
14647,1621052824000,41,Natka,Crumpe,1,1801.19
10537,1621048419000,72,Byran,Prugel,1,3897.18
13665,1621117362000,24,Constantine,Curle,1,1607.27
12708,1621056380000,2,Sawyere,Siddens,2,1890.33
10850,1621090167000,100,Tristan,Christoffe,2,4169.44
11288,1621049847000,40,Bendick,Cust,4,2134.43
11438,1621120041000,75,Berky,McInnerny,1,382.8
14349,1621095226000,57,Jacenta,Cabane,4,1908.92
12792,1621085074000,9,Pavel,Tockell,4,2767.02
13047,1621111074000,33,Chrissie,Duester,4,1356.85
12148,1621094111000,94,Bernadina,Hughs,1,239.0
13698,1621078613000,24,Pembroke,Easter,3,2975.7
11170,1621120086000,8,Sephira,Ovens,2,3220.49
14938,1621042418000,5,Allie,Heijnen,3,2332.61
13602,1621104162000,51,Ram,Ciobotaro,4,2732.17
13454,1621118453000,28,Felix,Manshaw,2,3443.87
13549,1621056743000,7,Egon,Gosnoll,3,1457.05
13013,1621095663000,92,Neilla,Raspin,1,3381.34
11368,1621083526000,13,Sidnee,de la Valette Parisot,1,1114.79
13054,1621077993000,34,Hieronymus,Brakespear,4,3702.16
10769,1621060503000,87,Cristionna,Gokes,1,2273.2
12952,1621042937000,68,Benjie,Bothie,2,3825.45
12117,1621078124000,26,Yorgos,Ambrosch,2,4458.4
13113,1621040774000,31,Welsh,Biagi,4,2366.01
10590,1621117100000,24,Robbie,Krier,3,3653.32
11933,1621053652000,17,Luci,Lillo,2,2917.35
14938,1621113933000,37,Merrill,Pleasance,1,4260.86
13484,1621043848000,25,Shaina,Teese,3,413.22
10963,1621121777000,33,Corri,Detoile,4,760.9
13334,1621099653000,98,Nikita,Melling,2,399.12
11582,1621102552000,57,Desi,Smithend,4,793.24
12680,1621042118000,29,Maggee,Ricardon,1,214.6
12980,1621117645000,60,Brandy,Enden,1,4149.13
12232,1621121841000,8,Hortense,Brennenstuhl,3,4586.84
10625,1621082856000,61,Boy,Stife,3,2442.98
11302,1621047108000,60,Ralina,Frowing,1,4460.7
11367,1621042951000,39,Esteban,Spillane,4,4606.81
10201,1621100361000,99,Nadeen,Petrosian,1,4877.42
13840,1621054237000,77,Morty,Vlasenkov,3,436.26
10477,1621085904000,81,Gregorius,Freckleton,3,600.28
11143,1621054533000,84,Guillemette,Cowderoy,4,2711.84
12622,1621111397000,54,Cathlene,Watterson,2,4102.47
14739,1621042431000,79,Joye,Keirle,4,504.4
12282,1621122961000,45,Harman,Markwick,4,842.97
11558,1621067344000,66,Catriona,Rangall,4,1942.59
13358,1621047772000,29,Dorry,Saiz,3,3171.4
13111,1621042823000,74,Minna,Exall,2,3076.58
10186,1621093709000,94,Willis,Portress,1,4821.92
15000,1621041850000,38,Laraine,Sabine,4,3457.74
12136,1621073031000,15,Damian,Trundle,4,2228.68
10489,1621103811000,15,Greta,Freear,1,3130.94
11579,1621081645000,22,Janela,Gogie,2,3001.56
14138,1621064476000,95,Chuck,Tutill,1,4265.91
13943,1621066313000,95,Cristal,McMichan,2,1133.13
14286,1621065612000,81,Jaquith,Bartosch,2,3964.5
10093,1621116166000,80,Dayle,Sictornes,3,3051.42
10186,1621115357000,65,Kelley,Deboick,1,3276.15
12027,1621072402000,65,Simonette,Pepineaux,3,4717.25
10690,1621061109000,16,Weylin,Tourry,1,4407.71
13266,1621074902000,59,Jeremias,Kalf,3,525.52
14679,1621078962000,32,Filberto,Jarville,1,3621.89
11923,1621119741000,47,Thorin,Toye,4,1443.42
11308,1621096534000,18,Lalo,Beevers,1,4864.38
13665,1621100089000,19,Cindelyn,Shone,2,1850.68
10574,1621118302000,83,Amie,Fricke,4,3687.58
12529,1621037747000,37,Gustie,Fisk,1,3434.7
14450,1621083519000,80,Jeffy,Jope,1,2371.85
12190,1621039476000,45,Rae,Rowlinson,1,2793.53
11896,1621115962000,80,Florie,Loughton,4,4308.39
12669,1621038822000,45,Jaimie,Suttle,2,189.79
12766,1621112997000,20,Porter,Essel,3,3855.3
12655,1621109422000,69,Jill,Knighton,3,976.88
14290,1621048691000,61,Domenic,Frankling,3,918.02
13273,1621114444000,83,Bradney,Hylton,1,137.51
10245,1621051411000,52,Idelle,Edlestone,2,2963.75
12786,1621079270000,90,Sibby,LLelweln,1,1656.11
11388,1621112482000,62,Brnaba,Nutkins,2,3976.52
14936,1621120002000,3,Rudd,Maykin,4,2092.44
12879,1621080803000,38,Catha,Abarough,1,2389.23
11209,1621051588000,26,Enrique,Garfath,4,2253.64
14396,1621039667000,68,Almire,Koles,3,4919.93
12124,1621045820000,80,Shanna,Loxton,4,1649.32
11636,1621073197000,13,Evered,Tampin,3,2446.25
12580,1621073900000,30,Devonna,Batt,3,4701.21
13435,1621057697000,4,Darda,Harbottle,1,3165.63
11715,1621082278000,2,Trace,True,1,1659.36
10109,1621077641000,2,Sarena,Brummitt,4,4377.67
11571,1621068169000,19,Marijo,Potebury,2,1707.99
11508,1621047523000,82,Rosalie,Capner,2,351.9
10448,1621038739000,97,Erna,Tunnicliffe,3,4462.16
12657,1621069296000,34,Brok,Lerway,3,3021.9
14495,1621045301000,74,Happy,Barhams,2,2636.28
14802,1621054921000,13,Andeee,Massel,1,968.96
12754,1621041921000,30,Sabrina,Dann,3,3801.73
10397,1621063520000,56,Dorisa,McTavish,1,2843.8
12600,1621104544000,18,Pansy,Hullin,3,2995.3
12391,1621072626000,68,Garner,Dunbleton,2,2734.15
10709,1621110779000,42,Bride,Deerness,3,422.5
11282,1621054681000,95,Godiva,Heinle,3,1946.85
12206,1621075883000,3,Bonnie,Hemms,4,3919.33
11725,1621052551000,83,Haskell,Boorer,2,4472.49
14691,1621041698000,15,Olivia,Whopples,1,1135.48
14766,1621109270000,46,Isaak,Denington,4,2260.94
10068,1621045695000,46,Jania,Caddens,4,3119.04
10050,1621070820000,41,Byron,Gordon-Giles,3,3630.51
10886,1621112112000,79,Dermot,Hinchcliffe,3,2514.7
12820,1621077088000,62,Teodor,Haly,2,993.69
13630,1621053189000,83,Elsi,Maudett,4,2201.91
11727,1621071850000,20,Cordelie,Yakolev,2,3032.64
10758,1621112432000,15,Delly,Denkin,2,1818.39
10804,1621122712000,91,Gabriell,Writtle,1,4689.1
10309,1621063994000,84,Stefano,Evensden,3,3410.08
12292,1621101219000,13,Myrtle,Downgate,4,1717.6
11379,1621039177000,76,Sherwin,Mattam,2,2177.55
11599,1621122989000,60,Amalie,Widdowes,4,2537.87
12516,1621116915000,98,Marja,Watkiss,3,1846.03
10689,1621099038000,91,Tessa,Brizell,3,884.35
13841,1621077424000,74,Fidela,Vasiltsov,2,4371.23
14914,1621097677000,19,Edie,Fallen,1,572.73
14697,1621044157000,91,Nonie,Seathwright,2,273.08
13895,1621077237000,34,Sandy,Zammitt,4,2335.24
10521,1621050733000,73,Marlon,Soppit,3,3216.05
12007,1621122334000,55,Kathe,Motto,1,1064.05
14946,1621061282000,65,Magda,Carress,4,1024.31
13001,1621071467000,9,Lucille,Manon,2,3430.81
10674,1621040535000,70,Drusie,Giffen,1,1256.95
10595,1621058941000,55,Kimberli,Corsan,4,1451.13
14301,1621069326000,20,Modestia,Martinovic,2,2739.31
14858,1621059213000,44,Dalston,Sambeck,3,504.55
10372,1621105251000,100,Isiahi,Abramin,3,4723.52
14249,1621068788000,93,Jacobo,Van Brug,3,3582.45
14059,1621098821000,35,Kennett,Cohalan,4,1222.25
11537,1621067638000,6,Eada,Gajewski,4,2271.49
12066,1621053082000,77,Alethea,Royans,1,2455.2
12965,1621084654000,13,Adrian,Sackler,1,1799.62
12271,1621073500000,85,Wolfy,Mingus,1,4690.16
11365,1621107072000,2,Joey,Sinyard,2,172.15
14676,1621077836000,25,Lowe,Kemble,3,4288.51
12348,1621065648000,17,Cicily,Bastin,1,3834.42
11844,1621123016000,6,Dov,Wiffen,2,1895.2
13148,1621103935000,98,Miof mela,Guiver,3,2943.36
10520,1621055636000,69,Alberta,Brecknall,3,2667.64
13036,1621060572000,28,Bab,Rhoddie,1,3401.62
10492,1621118977000,99,Esra,Jerdan,4,3961.93
14170,1621113693000,14,Velma,Bracegirdle,3,3084.13
12271,1621087592000,68,Tresa,Crocker,2,4373.48
10964,1621084502000,13,Emlyn,Glaister,3,4406.67
11406,1621103093000,57,Stearne,Binyon,1,1902.84
12082,1621084786000,21,Hube,Bonder,3,3736.93
14398,1621114924000,59,Viola,Storey,3,1378.96
14295,1621066570000,17,Melanie,Matheson,1,4696.81
13193,1621081522000,9,Nehemiah,Gaenor,2,2735.46
13985,1621104865000,26,Meris,Scole,2,1467.71
11161,1621078224000,32,Nester,Vickars,3,3649.47
11381,1621055914000,61,Gris,Vaneschi,3,3540.71
12875,1621093997000,89,Lyn,Dibbin,2,3829.56
11260,1621067860000,68,Lurlene,Lawden,1,3165.82
12833,1621038385000,98,Barton,Allflatt,1,2665.06
12556,1621102137000,88,Glynis,Spicer,4,4629.85
11694,1621057157000,40,Tatiania,Rosingdall,1,3924.4
11983,1621046395000,10,Malory,Axcel,1,3989.89
11806,1621122052000,21,Mano,Gaenor,4,1179.55
13137,1621091977000,20,Kelci,Crilly,4,4426.59
14985,1621102544000,37,Terrye,McGarahan,4,4733.74
14537,1621058209000,25,Stephine,Marritt,2,3386.79
12198,1621119983000,100,Lynnett,Smy,1,1371.65
10740,1621078775000,97,Christye,Antill,3,3944.27
13669,1621112861000,80,Terrill,Marriage,2,1258.24
11140,1621111417000,35,Myrle,Mirando,3,2945.61
13671,1621074909000,3,Teri,Baldry,2,2870.42
12076,1621067870000,86,Candy,Werndly,4,1104.8
10745,1621111207000,83,Merle,Abbis,2,3044.4
10467,1621076494000,31,Rey,Haycox,1,4211.5
12409,1621062692000,79,Shelley,Maskrey,2,1110.47
14657,1621098623000,67,Billie,Draisey,1,4361.17
10471,1621073095000,57,Guillermo,Ughelli,2,1203.93
13641,1621067302000,37,Inglebert,Benny,1,3871.13
11914,1621086972000,3,Elwood,Wheildon,2,2692.27
13512,1621120610000,11,Alyse,Straine,2,4054.48
10267,1621104362000,52,Kendrick,Cuerda,4,1507.8
10223,1621063606000,12,Augustina,Okie,1,1543.4
14673,1621036858000,70,Mikel,Josifovitz,1,4275.02
12350,1621071053000,42,Lewie,Tomini,2,266.86
10506,1621095334000,13,Rochelle,Avrahamy,1,3506.49
12189,1621073037000,11,Hilario,Kubes,4,4557.88
11985,1621110686000,91,Sisely,Bagshawe,1,3037.79
11942,1621121496000,53,Padriac,Showen,3,838.33
13614,1621077271000,74,Hieronymus,Banfill,4,1002.53
10494,1621076372000,57,Shelby,Kabos,3,1380.57
13459,1621064475000,64,Alida,Dymocke,3,4505.77
10479,1621062149000,36,Rori,Blesing,2,1464.78
14938,1621096540000,25,Armin,Blazewicz,4,3278.43
12364,1621091841000,96,Joell,Attrey,1,3120.56
14251,1621110361000,94,Ashby,Boxhill,4,3523.71
14722,1621122125000,5,Teador,Akehurst,4,1515.12
13862,1621084404000,46,Lambert,Barby,1,2815.15
11142,1621121166000,46,Clement,Turford,4,3533.43
10152,1621067791000,28,Windy,Torvey,1,1612.07
12497,1621108027000,21,Kelwin,Lowers,3,4092.33
11628,1621113329000,6,Nestor,Pantecost,2,3128.87
10955,1621041577000,53,Eli,Zanuciolii,4,3016.42
11030,1621088267000,93,Borden,Frantsev,2,4974.28
13632,1621116509000,37,Ingeborg,Danilyak,4,4637.95
10338,1621076761000,27,Kimberley,Dodd,2,3252.4
12769,1621038249000,68,Meredeth,Blakeley,3,978.26
10997,1621073294000,5,Curt,Anwyl,3,3149.86
14090,1621050080000,63,Darius,Carmichael,1,505.55
12240,1621103197000,96,Aggi,Durie,1,3761.27
13536,1621062694000,98,Arv,Pont,3,4591.39
12259,1621070407000,10,Clarissa,Dollman,4,886.48
12795,1621105986000,91,Khalil,Puttrell,2,909.28
12686,1621064515000,65,Kerk,Deer,1,3385.1
14165,1621070090000,89,Milton,Worlidge,2,4624.11
11977,1621122452000,58,Gunilla,Akehurst,4,1528.69
11292,1621044582000,77,Berty,Sinclair,1,3745.39
11589,1621119900000,22,Fanechka,Culter,4,2359.94
13717,1621057595000,77,Laurena,Karus,3,3093.43
13335,1621048603000,17,Rene,Sex,3,1928.47
14019,1621077207000,32,Modesty,Bricket,3,630.68
14715,1621067000000,96,Liane,Lerway,1,1085.4
10896,1621093353000,49,Hasty,Berggren,3,3231.06
14556,1621095247000,83,Francois,Ingles,3,1443.73
13553,1621039455000,79,Court,Mee,4,2486.0
13297,1621103118000,74,Karola,Priestman,2,714.52
11943,1621044239000,80,Ric,Sandcroft,3,1121.98
10285,1621072301000,93,Idette,Melbury,1,447.11
10009,1621117469000,25,Jaymee,Lahy,1,1164.6
11848,1621044791000,46,Julina,Febry,4,437.54
10562,1621120426000,100,Brittney,Harlin,4,1424.87
10493,1621083554000,74,Elsa,Linney,4,4580.17
11340,1621101434000,28,Constantine,Surgood,3,2417.33
12977,1621058315000,5,Warden,Buckthorp,2,1580.96
13205,1621041542000,11,Lindi,Rochester,3,3092.41
14462,1621058613000,86,Toinette,Ledward,2,770.72
12978,1621095029000,37,Bridgette,Meus,1,921.97
10968,1621059459000,23,Norah,Kunkel,2,102.7
14077,1621085854000,19,Koralle,Storton,4,1052.9
13328,1621097124000,84,Nolana,Easthope,3,1561.03
10940,1621122929000,35,Brynna,Haycraft,3,2585.87
12016,1621045624000,85,Toby,Kelberer,2,3433.0
13591,1621090734000,98,Vince,Imlock,3,3410.98
14144,1621083744000,94,Anthe,Swannack,3,3851.63
14725,1621039626000,3,Borden,Mablestone,3,1770.05
13794,1621106378000,73,Rebe,Stockney,1,2114.0
14186,1621087148000,30,Deonne,Birney,3,4518.2
12581,1621071039000,20,Kerry,Crunkhurn,1,4630.48
12100,1621122263000,63,Aime,Foynes,3,3191.31
13304,1621089379000,37,Gorden,Prydden,2,2851.91
12847,1621087399000,31,Trefor,Lamberteschi,1,4112.57
14121,1621039092000,53,Sheri,Brymham,2,2818.39
